<?xml version="1.0" encoding="UTF-8"?>
<config xmlns="http://www.knime.org/2008/09/XMLConfig" xmlns:xsi="http://www.w3.org/2001/XMLSchema-instance" xsi:schemaLocation="http://www.knime.org/2008/09/XMLConfig http://www.knime.org/XMLConfig_2008_09.xsd" key="model.xml">
    <entry key="version" type="xint" value="1"/>
    <entry key="class_name" type="xstring" value="org.knime.base.data.normalize.NormalizerPortObject"/>
    <config key="model">
        <config key="columns">
            <config key="Age">
                <entry key="column_name" type="xstring" value="Age"/>
                <entry key="column_scale" type="xdouble" value="0.01282051282051282"/>
                <entry key="column_translate" type="xdouble" value="-0.08974358974358974"/>
                <entry key="column_min" type="xdouble" value="0.0"/>
                <entry key="column_max" type="xdouble" value="1.0"/>
            </config>
            <config key="Flight Distance">
                <entry key="column_name" type="xstring" value="Flight Distance"/>
                <entry key="column_scale" type="xdouble" value="2.0193861066235866E-4"/>
                <entry key="column_translate" type="xdouble" value="-0.006260096930533118"/>
                <entry key="column_min" type="xdouble" value="0.0"/>
                <entry key="column_max" type="xdouble" value="1.0"/>
            </config>
            <config key="Inflight wifi service">
                <entry key="column_name" type="xstring" value="Inflight wifi service"/>
                <entry key="column_scale" type="xdouble" value="0.2"/>
                <entry key="column_translate" type="xdouble" value="0.0"/>
                <entry key="column_min" type="xdouble" value="0.0"/>
                <entry key="column_max" type="xdouble" value="1.0"/>
            </config>
            <config key="Departure/Arrival time convenient">
                <entry key="column_name" type="xstring" value="Departure/Arrival time convenient"/>
                <entry key="column_scale" type="xdouble" value="0.2"/>
                <entry key="column_translate" type="xdouble" value="0.0"/>
                <entry key="column_min" type="xdouble" value="0.0"/>
                <entry key="column_max" type="xdouble" value="1.0"/>
            </config>
            <config key="Ease of Online booking">
                <entry key="column_name" type="xstring" value="Ease of Online booking"/>
                <entry key="column_scale" type="xdouble" value="0.2"/>
                <entry key="column_translate" type="xdouble" value="0.0"/>
                <entry key="column_min" type="xdouble" value="0.0"/>
                <entry key="column_max" type="xdouble" value="1.0"/>
            </config>
            <config key="Gate location">
                <entry key="column_name" type="xstring" value="Gate location"/>
                <entry key="column_scale" type="xdouble" value="0.25"/>
                <entry key="column_translate" type="xdouble" value="-0.25"/>
                <entry key="column_min" type="xdouble" value="0.0"/>
                <entry key="column_max" type="xdouble" value="1.0"/>
            </config>
            <config key="Food and drink">
                <entry key="column_name" type="xstring" value="Food and drink"/>
                <entry key="column_scale" type="xdouble" value="0.2"/>
                <entry key="column_translate" type="xdouble" value="0.0"/>
                <entry key="column_min" type="xdouble" value="0.0"/>
                <entry key="column_max" type="xdouble" value="1.0"/>
            </config>
            <config key="Online boarding">
                <entry key="column_name" type="xstring" value="Online boarding"/>
                <entry key="column_scale" type="xdouble" value="0.2"/>
                <entry key="column_translate" type="xdouble" value="0.0"/>
                <entry key="column_min" type="xdouble" value="0.0"/>
                <entry key="column_max" type="xdouble" value="1.0"/>
            </config>
            <config key="Seat comfort">
                <entry key="column_name" type="xstring" value="Seat comfort"/>
                <entry key="column_scale" type="xdouble" value="0.25"/>
                <entry key="column_translate" type="xdouble" value="-0.25"/>
                <entry key="column_min" type="xdouble" value="0.0"/>
                <entry key="column_max" type="xdouble" value="1.0"/>
            </config>
            <config key="Inflight entertainment">
                <entry key="column_name" type="xstring" value="Inflight entertainment"/>
                <entry key="column_scale" type="xdouble" value="0.2"/>
                <entry key="column_translate" type="xdouble" value="0.0"/>
                <entry key="column_min" type="xdouble" value="0.0"/>
                <entry key="column_max" type="xdouble" value="1.0"/>
            </config>
            <config key="On-board service">
                <entry key="column_name" type="xstring" value="On-board service"/>
                <entry key="column_scale" type="xdouble" value="0.2"/>
                <entry key="column_translate" type="xdouble" value="0.0"/>
                <entry key="column_min" type="xdouble" value="0.0"/>
                <entry key="column_max" type="xdouble" value="1.0"/>
            </config>
            <config key="Leg room service">
                <entry key="column_name" type="xstring" value="Leg room service"/>
                <entry key="column_scale" type="xdouble" value="0.2"/>
                <entry key="column_translate" type="xdouble" value="0.0"/>
                <entry key="column_min" type="xdouble" value="0.0"/>
                <entry key="column_max" type="xdouble" value="1.0"/>
            </config>
            <config key="Baggage handling">
                <entry key="column_name" type="xstring" value="Baggage handling"/>
                <entry key="column_scale" type="xdouble" value="0.25"/>
                <entry key="column_translate" type="xdouble" value="-0.25"/>
                <entry key="column_min" type="xdouble" value="0.0"/>
                <entry key="column_max" type="xdouble" value="1.0"/>
            </config>
            <config key="Checkin service">
                <entry key="column_name" type="xstring" value="Checkin service"/>
                <entry key="column_scale" type="xdouble" value="0.25"/>
                <entry key="column_translate" type="xdouble" value="-0.25"/>
                <entry key="column_min" type="xdouble" value="0.0"/>
                <entry key="column_max" type="xdouble" value="1.0"/>
            </config>
            <config key="Inflight service">
                <entry key="column_name" type="xstring" value="Inflight service"/>
                <entry key="column_scale" type="xdouble" value="0.2"/>
                <entry key="column_translate" type="xdouble" value="0.0"/>
                <entry key="column_min" type="xdouble" value="0.0"/>
                <entry key="column_max" type="xdouble" value="1.0"/>
            </config>
            <config key="Cleanliness">
                <entry key="column_name" type="xstring" value="Cleanliness"/>
                <entry key="column_scale" type="xdouble" value="0.2"/>
                <entry key="column_translate" type="xdouble" value="0.0"/>
                <entry key="column_min" type="xdouble" value="0.0"/>
                <entry key="column_max" type="xdouble" value="1.0"/>
            </config>
            <config key="Departure Delay in Minutes">
                <entry key="column_name" type="xstring" value="Departure Delay in Minutes"/>
                <entry key="column_scale" type="xdouble" value="8.865248226950354E-4"/>
                <entry key="column_translate" type="xdouble" value="0.0"/>
                <entry key="column_min" type="xdouble" value="0.0"/>
                <entry key="column_max" type="xdouble" value="1.0"/>
            </config>
            <config key="Arrival Delay in Minutes">
                <entry key="column_name" type="xstring" value="Arrival Delay in Minutes"/>
                <entry key="column_scale" type="xdouble" value="8.968609865470852E-4"/>
                <entry key="column_translate" type="xdouble" value="0.0"/>
                <entry key="column_min" type="xdouble" value="0.0"/>
                <entry key="column_max" type="xdouble" value="1.0"/>
            </config>
            <config key="Female">
                <entry key="column_name" type="xstring" value="Female"/>
                <entry key="column_scale" type="xdouble" value="1.0"/>
                <entry key="column_translate" type="xdouble" value="0.0"/>
                <entry key="column_min" type="xdouble" value="0.0"/>
                <entry key="column_max" type="xdouble" value="1.0"/>
            </config>
            <config key="Male">
                <entry key="column_name" type="xstring" value="Male"/>
                <entry key="column_scale" type="xdouble" value="1.0"/>
                <entry key="column_translate" type="xdouble" value="0.0"/>
                <entry key="column_min" type="xdouble" value="0.0"/>
                <entry key="column_max" type="xdouble" value="1.0"/>
            </config>
            <config key="Loyal Customer">
                <entry key="column_name" type="xstring" value="Loyal Customer"/>
                <entry key="column_scale" type="xdouble" value="1.0"/>
                <entry key="column_translate" type="xdouble" value="0.0"/>
                <entry key="column_min" type="xdouble" value="0.0"/>
                <entry key="column_max" type="xdouble" value="1.0"/>
            </config>
            <config key="disloyal Customer">
                <entry key="column_name" type="xstring" value="disloyal Customer"/>
                <entry key="column_scale" type="xdouble" value="1.0"/>
                <entry key="column_translate" type="xdouble" value="0.0"/>
                <entry key="column_min" type="xdouble" value="0.0"/>
                <entry key="column_max" type="xdouble" value="1.0"/>
            </config>
            <config key="Business travel">
                <entry key="column_name" type="xstring" value="Business travel"/>
                <entry key="column_scale" type="xdouble" value="1.0"/>
                <entry key="column_translate" type="xdouble" value="0.0"/>
                <entry key="column_min" type="xdouble" value="0.0"/>
                <entry key="column_max" type="xdouble" value="1.0"/>
            </config>
            <config key="Personal Travel">
                <entry key="column_name" type="xstring" value="Personal Travel"/>
                <entry key="column_scale" type="xdouble" value="1.0"/>
                <entry key="column_translate" type="xdouble" value="0.0"/>
                <entry key="column_min" type="xdouble" value="0.0"/>
                <entry key="column_max" type="xdouble" value="1.0"/>
            </config>
            <config key="Eco">
                <entry key="column_name" type="xstring" value="Eco"/>
                <entry key="column_scale" type="xdouble" value="1.0"/>
                <entry key="column_translate" type="xdouble" value="0.0"/>
                <entry key="column_min" type="xdouble" value="0.0"/>
                <entry key="column_max" type="xdouble" value="1.0"/>
            </config>
            <config key="Business">
                <entry key="column_name" type="xstring" value="Business"/>
                <entry key="column_scale" type="xdouble" value="1.0"/>
                <entry key="column_translate" type="xdouble" value="0.0"/>
                <entry key="column_min" type="xdouble" value="0.0"/>
                <entry key="column_max" type="xdouble" value="1.0"/>
            </config>
            <config key="Eco Plus">
                <entry key="column_name" type="xstring" value="Eco Plus"/>
                <entry key="column_scale" type="xdouble" value="1.0"/>
                <entry key="column_translate" type="xdouble" value="0.0"/>
                <entry key="column_min" type="xdouble" value="0.0"/>
                <entry key="column_max" type="xdouble" value="1.0"/>
            </config>
        </config>
        <entry key="summary" type="xstring" value="Min/Max (0.0, 1) normalization on 27 column(s)"/>
    </config>
</config>
