<?xml version="1.0" encoding="UTF-8"?>
<config xmlns="http://www.knime.org/2008/09/XMLConfig" xmlns:xsi="http://www.w3.org/2001/XMLSchema-instance" xsi:schemaLocation="http://www.knime.org/2008/09/XMLConfig http://www.knime.org/XMLConfig_2008_09.xsd" key="model.xml">
    <entry key="version" type="xint" value="1"/>
    <entry key="class_name" type="xstring" value="org.knime.base.data.normalize.NormalizerPortObject"/>
    <config key="model">
        <config key="columns">
            <config key="CA">
                <entry key="column_name" type="xstring" value="CA"/>
                <entry key="column_scale" type="xdouble" value="1.0"/>
                <entry key="column_translate" type="xdouble" value="0.0"/>
                <entry key="column_min" type="xdouble" value="0.0"/>
                <entry key="column_max" type="xdouble" value="1.0"/>
            </config>
            <config key="DE">
                <entry key="column_name" type="xstring" value="DE"/>
                <entry key="column_scale" type="xdouble" value="1.0"/>
                <entry key="column_translate" type="xdouble" value="0.0"/>
                <entry key="column_min" type="xdouble" value="0.0"/>
                <entry key="column_max" type="xdouble" value="1.0"/>
            </config>
            <config key="AU">
                <entry key="column_name" type="xstring" value="AU"/>
                <entry key="column_scale" type="xdouble" value="1.0"/>
                <entry key="column_translate" type="xdouble" value="0.0"/>
                <entry key="column_min" type="xdouble" value="0.0"/>
                <entry key="column_max" type="xdouble" value="1.0"/>
            </config>
            <config key="US">
                <entry key="column_name" type="xstring" value="US"/>
                <entry key="column_scale" type="xdouble" value="1.0"/>
                <entry key="column_translate" type="xdouble" value="0.0"/>
                <entry key="column_min" type="xdouble" value="0.0"/>
                <entry key="column_max" type="xdouble" value="1.0"/>
            </config>
            <config key="UK">
                <entry key="column_name" type="xstring" value="UK"/>
                <entry key="column_scale" type="xdouble" value="1.0"/>
                <entry key="column_translate" type="xdouble" value="0.0"/>
                <entry key="column_min" type="xdouble" value="0.0"/>
                <entry key="column_max" type="xdouble" value="1.0"/>
            </config>
            <config key="IN">
                <entry key="column_name" type="xstring" value="IN"/>
                <entry key="column_scale" type="xdouble" value="1.0"/>
                <entry key="column_translate" type="xdouble" value="0.0"/>
                <entry key="column_min" type="xdouble" value="0.0"/>
                <entry key="column_max" type="xdouble" value="1.0"/>
            </config>
            <config key="FR">
                <entry key="column_name" type="xstring" value="FR"/>
                <entry key="column_scale" type="xdouble" value="1.0"/>
                <entry key="column_translate" type="xdouble" value="0.0"/>
                <entry key="column_min" type="xdouble" value="0.0"/>
                <entry key="column_max" type="xdouble" value="1.0"/>
            </config>
            <config key="PK">
                <entry key="column_name" type="xstring" value="PK"/>
                <entry key="column_scale" type="xdouble" value="1.0"/>
                <entry key="column_translate" type="xdouble" value="0.0"/>
                <entry key="column_min" type="xdouble" value="0.0"/>
                <entry key="column_max" type="xdouble" value="1.0"/>
            </config>
            <config key="age">
                <entry key="column_name" type="xstring" value="age"/>
                <entry key="column_scale" type="xdouble" value="0.023255813953488372"/>
                <entry key="column_translate" type="xdouble" value="-0.37209302325581395"/>
                <entry key="column_min" type="xdouble" value="0.0"/>
                <entry key="column_max" type="xdouble" value="1.0"/>
            </config>
            <config key="listening_time">
                <entry key="column_name" type="xstring" value="listening_time"/>
                <entry key="column_scale" type="xdouble" value="0.0034602076124567475"/>
                <entry key="column_translate" type="xdouble" value="-0.03460207612456748"/>
                <entry key="column_min" type="xdouble" value="0.0"/>
                <entry key="column_max" type="xdouble" value="1.0"/>
            </config>
            <config key="songs_played_per_day">
                <entry key="column_name" type="xstring" value="songs_played_per_day"/>
                <entry key="column_scale" type="xdouble" value="0.01020408163265306"/>
                <entry key="column_translate" type="xdouble" value="-0.01020408163265306"/>
                <entry key="column_min" type="xdouble" value="0.0"/>
                <entry key="column_max" type="xdouble" value="1.0"/>
            </config>
            <config key="skip_rate">
                <entry key="column_name" type="xstring" value="skip_rate"/>
                <entry key="column_scale" type="xdouble" value="1.6666666666666667"/>
                <entry key="column_translate" type="xdouble" value="0.0"/>
                <entry key="column_min" type="xdouble" value="0.0"/>
                <entry key="column_max" type="xdouble" value="1.0"/>
            </config>
            <config key="ads_listened_per_week">
                <entry key="column_name" type="xstring" value="ads_listened_per_week"/>
                <entry key="column_scale" type="xdouble" value="0.02040816326530612"/>
                <entry key="column_translate" type="xdouble" value="0.0"/>
                <entry key="column_min" type="xdouble" value="0.0"/>
                <entry key="column_max" type="xdouble" value="1.0"/>
            </config>
            <config key="offline_listening">
                <entry key="column_name" type="xstring" value="offline_listening"/>
                <entry key="column_scale" type="xdouble" value="1.0"/>
                <entry key="column_translate" type="xdouble" value="0.0"/>
                <entry key="column_min" type="xdouble" value="0.0"/>
                <entry key="column_max" type="xdouble" value="1.0"/>
            </config>
            <config key="Female">
                <entry key="column_name" type="xstring" value="Female"/>
                <entry key="column_scale" type="xdouble" value="1.0"/>
                <entry key="column_translate" type="xdouble" value="0.0"/>
                <entry key="column_min" type="xdouble" value="0.0"/>
                <entry key="column_max" type="xdouble" value="1.0"/>
            </config>
            <config key="Other">
                <entry key="column_name" type="xstring" value="Other"/>
                <entry key="column_scale" type="xdouble" value="1.0"/>
                <entry key="column_translate" type="xdouble" value="0.0"/>
                <entry key="column_min" type="xdouble" value="0.0"/>
                <entry key="column_max" type="xdouble" value="1.0"/>
            </config>
            <config key="Male">
                <entry key="column_name" type="xstring" value="Male"/>
                <entry key="column_scale" type="xdouble" value="1.0"/>
                <entry key="column_translate" type="xdouble" value="0.0"/>
                <entry key="column_min" type="xdouble" value="0.0"/>
                <entry key="column_max" type="xdouble" value="1.0"/>
            </config>
            <config key="Free">
                <entry key="column_name" type="xstring" value="Free"/>
                <entry key="column_scale" type="xdouble" value="1.0"/>
                <entry key="column_translate" type="xdouble" value="0.0"/>
                <entry key="column_min" type="xdouble" value="0.0"/>
                <entry key="column_max" type="xdouble" value="1.0"/>
            </config>
            <config key="Family">
                <entry key="column_name" type="xstring" value="Family"/>
                <entry key="column_scale" type="xdouble" value="1.0"/>
                <entry key="column_translate" type="xdouble" value="0.0"/>
                <entry key="column_min" type="xdouble" value="0.0"/>
                <entry key="column_max" type="xdouble" value="1.0"/>
            </config>
            <config key="Premium">
                <entry key="column_name" type="xstring" value="Premium"/>
                <entry key="column_scale" type="xdouble" value="1.0"/>
                <entry key="column_translate" type="xdouble" value="0.0"/>
                <entry key="column_min" type="xdouble" value="0.0"/>
                <entry key="column_max" type="xdouble" value="1.0"/>
            </config>
            <config key="Student">
                <entry key="column_name" type="xstring" value="Student"/>
                <entry key="column_scale" type="xdouble" value="1.0"/>
                <entry key="column_translate" type="xdouble" value="0.0"/>
                <entry key="column_min" type="xdouble" value="0.0"/>
                <entry key="column_max" type="xdouble" value="1.0"/>
            </config>
            <config key="Desktop">
                <entry key="column_name" type="xstring" value="Desktop"/>
                <entry key="column_scale" type="xdouble" value="1.0"/>
                <entry key="column_translate" type="xdouble" value="0.0"/>
                <entry key="column_min" type="xdouble" value="0.0"/>
                <entry key="column_max" type="xdouble" value="1.0"/>
            </config>
            <config key="Web">
                <entry key="column_name" type="xstring" value="Web"/>
                <entry key="column_scale" type="xdouble" value="1.0"/>
                <entry key="column_translate" type="xdouble" value="0.0"/>
                <entry key="column_min" type="xdouble" value="0.0"/>
                <entry key="column_max" type="xdouble" value="1.0"/>
            </config>
            <config key="Mobile">
                <entry key="column_name" type="xstring" value="Mobile"/>
                <entry key="column_scale" type="xdouble" value="1.0"/>
                <entry key="column_translate" type="xdouble" value="0.0"/>
                <entry key="column_min" type="xdouble" value="0.0"/>
                <entry key="column_max" type="xdouble" value="1.0"/>
            </config>
        </config>
        <entry key="summary" type="xstring" value="Min/Max (0.0, 1) normalization on 24 column(s)"/>
    </config>
</config>
