<?xml version="1.0" encoding="UTF-8"?>
<config xmlns="http://www.knime.org/2008/09/XMLConfig" xmlns:xsi="http://www.w3.org/2001/XMLSchema-instance" xsi:schemaLocation="http://www.knime.org/2008/09/XMLConfig http://www.knime.org/XMLConfig_2008_09.xsd" key="MiningSchema">
    <config key="learning">
        <entry key="array-size" type="xint" value="60"/>
        <entry key="0" type="xstring" value="Band1"/>
        <entry key="1" type="xstring" value="Band2"/>
        <entry key="2" type="xstring" value="Band3"/>
        <entry key="3" type="xstring" value="Band4"/>
        <entry key="4" type="xstring" value="Band5"/>
        <entry key="5" type="xstring" value="Band6"/>
        <entry key="6" type="xstring" value="Band7"/>
        <entry key="7" type="xstring" value="Band8"/>
        <entry key="8" type="xstring" value="Band9"/>
        <entry key="9" type="xstring" value="Band10"/>
        <entry key="10" type="xstring" value="Band11"/>
        <entry key="11" type="xstring" value="Band12"/>
        <entry key="12" type="xstring" value="Band13"/>
        <entry key="13" type="xstring" value="Band14"/>
        <entry key="14" type="xstring" value="Band15"/>
        <entry key="15" type="xstring" value="Band16"/>
        <entry key="16" type="xstring" value="Band17"/>
        <entry key="17" type="xstring" value="Band18"/>
        <entry key="18" type="xstring" value="Band19"/>
        <entry key="19" type="xstring" value="Band20"/>
        <entry key="20" type="xstring" value="Band21"/>
        <entry key="21" type="xstring" value="Band22"/>
        <entry key="22" type="xstring" value="Band23"/>
        <entry key="23" type="xstring" value="Band24"/>
        <entry key="24" type="xstring" value="Band25"/>
        <entry key="25" type="xstring" value="Band26"/>
        <entry key="26" type="xstring" value="Band27"/>
        <entry key="27" type="xstring" value="Band28"/>
        <entry key="28" type="xstring" value="Band29"/>
        <entry key="29" type="xstring" value="Band30"/>
        <entry key="30" type="xstring" value="Band31"/>
        <entry key="31" type="xstring" value="Band32"/>
        <entry key="32" type="xstring" value="Band33"/>
        <entry key="33" type="xstring" value="Band34"/>
        <entry key="34" type="xstring" value="Band35"/>
        <entry key="35" type="xstring" value="Band36"/>
        <entry key="36" type="xstring" value="Band37"/>
        <entry key="37" type="xstring" value="Band38"/>
        <entry key="38" type="xstring" value="Band39"/>
        <entry key="39" type="xstring" value="Band40"/>
        <entry key="40" type="xstring" value="Band41"/>
        <entry key="41" type="xstring" value="Band42"/>
        <entry key="42" type="xstring" value="Band43"/>
        <entry key="43" type="xstring" value="Band44"/>
        <entry key="44" type="xstring" value="Band45"/>
        <entry key="45" type="xstring" value="Band46"/>
        <entry key="46" type="xstring" value="Band47"/>
        <entry key="47" type="xstring" value="Band48"/>
        <entry key="48" type="xstring" value="Band49"/>
        <entry key="49" type="xstring" value="Band50"/>
        <entry key="50" type="xstring" value="Band51"/>
        <entry key="51" type="xstring" value="Band52"/>
        <entry key="52" type="xstring" value="Band53"/>
        <entry key="53" type="xstring" value="Band54"/>
        <entry key="54" type="xstring" value="Band55"/>
        <entry key="55" type="xstring" value="Band56"/>
        <entry key="56" type="xstring" value="Band57"/>
        <entry key="57" type="xstring" value="Band58"/>
        <entry key="58" type="xstring" value="Band59"/>
        <entry key="59" type="xstring" value="Band60"/>
    </config>
    <config key="target">
        <entry key="array-size" type="xint" value="1"/>
        <entry key="0" type="xstring" value="Type"/>
    </config>
</config>
