<?xml version="1.0" encoding="UTF-8"?>
<config xmlns="http://www.knime.org/2008/09/XMLConfig" xmlns:xsi="http://www.w3.org/2001/XMLSchema-instance" xsi:schemaLocation="http://www.knime.org/2008/09/XMLConfig http://www.knime.org/XMLConfig_2008_09.xsd" key="MiningSchema">
    <config key="learning">
        <entry key="array-size" type="xint" value="117"/>
        <entry key="0" type="xstring" value="gender"/>
        <entry key="1" type="xstring" value="age"/>
        <entry key="2" type="xstring" value="age_o"/>
        <entry key="3" type="xstring" value="d_age"/>
        <entry key="4" type="xstring" value="d_d_age"/>
        <entry key="5" type="xstring" value="race"/>
        <entry key="6" type="xstring" value="race_o"/>
        <entry key="7" type="xstring" value="samerace"/>
        <entry key="8" type="xstring" value="importance_same_race"/>
        <entry key="9" type="xstring" value="importance_same_religion"/>
        <entry key="10" type="xstring" value="d_importance_same_race"/>
        <entry key="11" type="xstring" value="d_importance_same_religion"/>
        <entry key="12" type="xstring" value="pref_o_attractive"/>
        <entry key="13" type="xstring" value="pref_o_sincere"/>
        <entry key="14" type="xstring" value="pref_o_intelligence"/>
        <entry key="15" type="xstring" value="pref_o_funny"/>
        <entry key="16" type="xstring" value="pref_o_ambitious"/>
        <entry key="17" type="xstring" value="pref_o_shared_interests"/>
        <entry key="18" type="xstring" value="d_pref_o_attractive"/>
        <entry key="19" type="xstring" value="d_pref_o_sincere"/>
        <entry key="20" type="xstring" value="d_pref_o_intelligence"/>
        <entry key="21" type="xstring" value="d_pref_o_funny"/>
        <entry key="22" type="xstring" value="d_pref_o_ambitious"/>
        <entry key="23" type="xstring" value="d_pref_o_shared_interests"/>
        <entry key="24" type="xstring" value="attractive_o"/>
        <entry key="25" type="xstring" value="sinsere_o"/>
        <entry key="26" type="xstring" value="intelligence_o"/>
        <entry key="27" type="xstring" value="funny_o"/>
        <entry key="28" type="xstring" value="ambitous_o"/>
        <entry key="29" type="xstring" value="shared_interests_o"/>
        <entry key="30" type="xstring" value="d_attractive_o"/>
        <entry key="31" type="xstring" value="d_sinsere_o"/>
        <entry key="32" type="xstring" value="d_intelligence_o"/>
        <entry key="33" type="xstring" value="d_funny_o"/>
        <entry key="34" type="xstring" value="d_ambitous_o"/>
        <entry key="35" type="xstring" value="d_shared_interests_o"/>
        <entry key="36" type="xstring" value="attractive_important"/>
        <entry key="37" type="xstring" value="sincere_important"/>
        <entry key="38" type="xstring" value="intellicence_important"/>
        <entry key="39" type="xstring" value="funny_important"/>
        <entry key="40" type="xstring" value="ambtition_important"/>
        <entry key="41" type="xstring" value="shared_interests_important"/>
        <entry key="42" type="xstring" value="d_attractive_important"/>
        <entry key="43" type="xstring" value="d_sincere_important"/>
        <entry key="44" type="xstring" value="d_intellicence_important"/>
        <entry key="45" type="xstring" value="d_funny_important"/>
        <entry key="46" type="xstring" value="d_ambtition_important"/>
        <entry key="47" type="xstring" value="d_shared_interests_important"/>
        <entry key="48" type="xstring" value="attractive"/>
        <entry key="49" type="xstring" value="sincere"/>
        <entry key="50" type="xstring" value="intelligence"/>
        <entry key="51" type="xstring" value="funny"/>
        <entry key="52" type="xstring" value="ambition"/>
        <entry key="53" type="xstring" value="d_attractive"/>
        <entry key="54" type="xstring" value="d_sincere"/>
        <entry key="55" type="xstring" value="d_intelligence"/>
        <entry key="56" type="xstring" value="d_funny"/>
        <entry key="57" type="xstring" value="d_ambition"/>
        <entry key="58" type="xstring" value="attractive_partner"/>
        <entry key="59" type="xstring" value="sincere_partner"/>
        <entry key="60" type="xstring" value="intelligence_partner"/>
        <entry key="61" type="xstring" value="funny_partner"/>
        <entry key="62" type="xstring" value="ambition_partner"/>
        <entry key="63" type="xstring" value="shared_interests_partner"/>
        <entry key="64" type="xstring" value="d_attractive_partner"/>
        <entry key="65" type="xstring" value="d_sincere_partner"/>
        <entry key="66" type="xstring" value="d_intelligence_partner"/>
        <entry key="67" type="xstring" value="d_funny_partner"/>
        <entry key="68" type="xstring" value="d_ambition_partner"/>
        <entry key="69" type="xstring" value="d_shared_interests_partner"/>
        <entry key="70" type="xstring" value="sports"/>
        <entry key="71" type="xstring" value="tvsports"/>
        <entry key="72" type="xstring" value="exercise"/>
        <entry key="73" type="xstring" value="dining"/>
        <entry key="74" type="xstring" value="museums"/>
        <entry key="75" type="xstring" value="art"/>
        <entry key="76" type="xstring" value="hiking"/>
        <entry key="77" type="xstring" value="gaming"/>
        <entry key="78" type="xstring" value="clubbing"/>
        <entry key="79" type="xstring" value="reading"/>
        <entry key="80" type="xstring" value="tv"/>
        <entry key="81" type="xstring" value="theater"/>
        <entry key="82" type="xstring" value="movies"/>
        <entry key="83" type="xstring" value="concerts"/>
        <entry key="84" type="xstring" value="music"/>
        <entry key="85" type="xstring" value="shopping"/>
        <entry key="86" type="xstring" value="yoga"/>
        <entry key="87" type="xstring" value="d_sports"/>
        <entry key="88" type="xstring" value="d_tvsports"/>
        <entry key="89" type="xstring" value="d_exercise"/>
        <entry key="90" type="xstring" value="d_dining"/>
        <entry key="91" type="xstring" value="d_museums"/>
        <entry key="92" type="xstring" value="d_art"/>
        <entry key="93" type="xstring" value="d_hiking"/>
        <entry key="94" type="xstring" value="d_gaming"/>
        <entry key="95" type="xstring" value="d_clubbing"/>
        <entry key="96" type="xstring" value="d_reading"/>
        <entry key="97" type="xstring" value="d_tv"/>
        <entry key="98" type="xstring" value="d_theater"/>
        <entry key="99" type="xstring" value="d_movies"/>
        <entry key="100" type="xstring" value="d_concerts"/>
        <entry key="101" type="xstring" value="d_music"/>
        <entry key="102" type="xstring" value="d_shopping"/>
        <entry key="103" type="xstring" value="d_yoga"/>
        <entry key="104" type="xstring" value="interests_correlate"/>
        <entry key="105" type="xstring" value="d_interests_correlate"/>
        <entry key="106" type="xstring" value="expected_happy_with_sd_people"/>
        <entry key="107" type="xstring" value="expected_num_interested_in_me"/>
        <entry key="108" type="xstring" value="expected_num_matches"/>
        <entry key="109" type="xstring" value="d_expected_happy_with_sd_people"/>
        <entry key="110" type="xstring" value="d_expected_num_interested_in_me"/>
        <entry key="111" type="xstring" value="d_expected_num_matches"/>
        <entry key="112" type="xstring" value="like"/>
        <entry key="113" type="xstring" value="guess_prob_liked"/>
        <entry key="114" type="xstring" value="d_like"/>
        <entry key="115" type="xstring" value="d_guess_prob_liked"/>
        <entry key="116" type="xstring" value="met"/>
    </config>
    <config key="target">
        <entry key="array-size" type="xint" value="1"/>
        <entry key="0" type="xstring" value="match"/>
    </config>
</config>
