<?xml version="1.0" encoding="UTF-8"?>
<config xmlns="http://www.knime.org/2008/09/XMLConfig" xmlns:xsi="http://www.w3.org/2001/XMLSchema-instance" xsi:schemaLocation="http://www.knime.org/2008/09/XMLConfig http://www.knime.org/XMLConfig_2008_09.xsd" key="model.xml">
    <entry key="version" type="xint" value="1"/>
    <entry key="class_name" type="xstring" value="org.knime.base.data.normalize.NormalizerPortObject"/>
    <config key="model">
        <config key="columns">
            <config key="Humidity">
                <entry key="column_name" type="xstring" value="Humidity"/>
                <entry key="column_scale" type="xdouble" value="0.010857763300760045"/>
                <entry key="column_translate" type="xdouble" value="-0.3908794788273616"/>
                <entry key="column_min" type="xdouble" value="0.0"/>
                <entry key="column_max" type="xdouble" value="1.0"/>
            </config>
            <config key="PM2.5">
                <entry key="column_name" type="xstring" value="PM2.5"/>
                <entry key="column_scale" type="xdouble" value="0.003389830508474576"/>
                <entry key="column_translate" type="xdouble" value="0.0"/>
                <entry key="column_min" type="xdouble" value="0.0"/>
                <entry key="column_max" type="xdouble" value="1.0"/>
            </config>
            <config key="PM10">
                <entry key="column_name" type="xstring" value="PM10"/>
                <entry key="column_scale" type="xdouble" value="0.0031645569620253164"/>
                <entry key="column_translate" type="xdouble" value="6.329113924050633E-4"/>
                <entry key="column_min" type="xdouble" value="0.0"/>
                <entry key="column_max" type="xdouble" value="1.0"/>
            </config>
            <config key="NO2">
                <entry key="column_name" type="xstring" value="NO2"/>
                <entry key="column_scale" type="xdouble" value="0.017391304347826084"/>
                <entry key="column_translate" type="xdouble" value="-0.12869565217391302"/>
                <entry key="column_min" type="xdouble" value="0.0"/>
                <entry key="column_max" type="xdouble" value="1.0"/>
            </config>
            <config key="SO2">
                <entry key="column_name" type="xstring" value="SO2"/>
                <entry key="column_scale" type="xdouble" value="0.019569471624266144"/>
                <entry key="column_translate" type="xdouble" value="0.12133072407045009"/>
                <entry key="column_min" type="xdouble" value="0.0"/>
                <entry key="column_max" type="xdouble" value="1.0"/>
            </config>
            <config key="CO">
                <entry key="column_name" type="xstring" value="CO"/>
                <entry key="column_scale" type="xdouble" value="0.3257328990228013"/>
                <entry key="column_translate" type="xdouble" value="-0.21172638436482083"/>
                <entry key="column_min" type="xdouble" value="0.0"/>
                <entry key="column_max" type="xdouble" value="1.0"/>
            </config>
            <config key="Proximity_to_Industrial_Areas">
                <entry key="column_name" type="xstring" value="Proximity_to_Industrial_Areas"/>
                <entry key="column_scale" type="xdouble" value="0.04291845493562232"/>
                <entry key="column_translate" type="xdouble" value="-0.1072961373390558"/>
                <entry key="column_min" type="xdouble" value="0.0"/>
                <entry key="column_max" type="xdouble" value="1.0"/>
            </config>
            <config key="Population_Density">
                <entry key="column_name" type="xstring" value="Population_Density"/>
                <entry key="column_scale" type="xdouble" value="0.0013003901170351106"/>
                <entry key="column_translate" type="xdouble" value="-0.2444733420026008"/>
                <entry key="column_min" type="xdouble" value="0.0"/>
                <entry key="column_max" type="xdouble" value="1.0"/>
            </config>
            <config key="Temperature">
                <entry key="column_name" type="xstring" value="Temperature"/>
                <entry key="column_scale" type="xdouble" value="0.022123893805309734"/>
                <entry key="column_translate" type="xdouble" value="-0.29646017699115046"/>
                <entry key="column_min" type="xdouble" value="0.0"/>
                <entry key="column_max" type="xdouble" value="1.0"/>
            </config>
        </config>
        <entry key="summary" type="xstring" value="Min/Max (0.0, 1) normalization on 9 column(s)"/>
    </config>
</config>
