<?xml version="1.0" encoding="UTF-8"?>
<config xmlns="http://www.knime.org/2008/09/XMLConfig" xmlns:xsi="http://www.w3.org/2001/XMLSchema-instance" xsi:schemaLocation="http://www.knime.org/2008/09/XMLConfig http://www.knime.org/XMLConfig_2008_09.xsd" key="model.xml">
    <entry key="version" type="xint" value="1"/>
    <entry key="class_name" type="xstring" value="org.knime.base.node.mine.transformation.port.TransformationPortObject"/>
    <config key="model">
        <entry key="max_dim_to_reduce_to" type="xint" value="6"/>
        <config key="eigenvalues">
            <entry key="array-size" type="xint" value="6"/>
            <entry key="0" type="xdouble" value="0.035880981726456235"/>
            <entry key="1" type="xdouble" value="0.02997560434231688"/>
            <entry key="2" type="xdouble" value="0.015267859955027257"/>
            <entry key="3" type="xdouble" value="0.00847025408119823"/>
            <entry key="4" type="xdouble" value="0.005260965928276971"/>
            <entry key="5" type="xdouble" value="0.005072549660805237"/>
        </config>
        <config key="center">
            <entry key="array-size" type="xint" value="6"/>
            <entry key="0" type="xdouble" value="0.29628406193458856"/>
            <entry key="1" type="xdouble" value="0.12003411623410035"/>
            <entry key="2" type="xdouble" value="0.6048318849811148"/>
            <entry key="3" type="xdouble" value="0.010647360898287038"/>
            <entry key="4" type="xdouble" value="0.02006201156784983"/>
            <entry key="5" type="xdouble" value="0.402521284231425"/>
        </config>
        <entry key="number_rows" type="xint" value="6"/>
        <config key="eigenvector">
            <config key="row_0">
                <entry key="array-size" type="xint" value="6"/>
                <entry key="0" type="xdouble" value="0.957848381920613"/>
                <entry key="1" type="xdouble" value="-0.036451438164841504"/>
                <entry key="2" type="xdouble" value="0.24705487130167014"/>
                <entry key="3" type="xdouble" value="0.04865901574702863"/>
                <entry key="4" type="xdouble" value="0.04922370134106571"/>
                <entry key="5" type="xdouble" value="0.12397978821852389"/>
            </config>
            <config key="row_1">
                <entry key="array-size" type="xint" value="6"/>
                <entry key="0" type="xdouble" value="-0.2723643301240159"/>
                <entry key="1" type="xdouble" value="-0.008210002788790388"/>
                <entry key="2" type="xdouble" value="0.941233098111851"/>
                <entry key="3" type="xdouble" value="0.05305749900040775"/>
                <entry key="4" type="xdouble" value="0.048297155383773646"/>
                <entry key="5" type="xdouble" value="0.18623321167484763"/>
            </config>
            <config key="row_2">
                <entry key="array-size" type="xint" value="6"/>
                <entry key="0" type="xdouble" value="-0.07313111863591004"/>
                <entry key="1" type="xdouble" value="0.007030538852474832"/>
                <entry key="2" type="xdouble" value="-0.2172223116836492"/>
                <entry key="3" type="xdouble" value="0.03310963719156445"/>
                <entry key="4" type="xdouble" value="0.037432210067623"/>
                <entry key="5" type="xdouble" value="0.9720696785168295"/>
            </config>
            <config key="row_3">
                <entry key="array-size" type="xint" value="6"/>
                <entry key="0" type="xdouble" value="0.02778690563389255"/>
                <entry key="1" type="xdouble" value="-0.00613250452592438"/>
                <entry key="2" type="xdouble" value="0.043315225799715"/>
                <entry key="3" type="xdouble" value="0.11361850843486818"/>
                <entry key="4" type="xdouble" value="-0.9910998138985971"/>
                <entry key="5" type="xdouble" value="0.04610927139583212"/>
            </config>
            <config key="row_4">
                <entry key="array-size" type="xint" value="6"/>
                <entry key="0" type="xdouble" value="0.024411559345187038"/>
                <entry key="1" type="xdouble" value="-0.23754323075720007"/>
                <entry key="2" type="xdouble" value="0.05418511612992707"/>
                <entry key="3" type="xdouble" value="-0.9626020606938155"/>
                <entry key="4" type="xdouble" value="-0.10338992616824622"/>
                <entry key="5" type="xdouble" value="0.05243146380465881"/>
            </config>
            <config key="row_5">
                <entry key="array-size" type="xint" value="6"/>
                <entry key="0" type="xdouble" value="-0.0403478879354325"/>
                <entry key="1" type="xdouble" value="-0.9706132422046578"/>
                <entry key="2" type="xdouble" value="-0.03234775565012034"/>
                <entry key="3" type="xdouble" value="0.23282839431746966"/>
                <entry key="4" type="xdouble" value="0.029579109429892433"/>
                <entry key="5" type="xdouble" value="-0.01231339861270712"/>
            </config>
        </config>
    </config>
</config>
