<?xml version="1.0" encoding="UTF-8"?>
<config xmlns="http://www.knime.org/2008/09/XMLConfig" xmlns:xsi="http://www.w3.org/2001/XMLSchema-instance" xsi:schemaLocation="http://www.knime.org/2008/09/XMLConfig http://www.knime.org/XMLConfig_2008_09.xsd" key="MiningSchema">
    <config key="learning">
        <entry key="array-size" type="xint" value="27"/>
        <entry key="0" type="xstring" value="Age"/>
        <entry key="1" type="xstring" value="Flight Distance"/>
        <entry key="2" type="xstring" value="Inflight wifi service"/>
        <entry key="3" type="xstring" value="Departure/Arrival time convenient"/>
        <entry key="4" type="xstring" value="Ease of Online booking"/>
        <entry key="5" type="xstring" value="Gate location"/>
        <entry key="6" type="xstring" value="Food and drink"/>
        <entry key="7" type="xstring" value="Online boarding"/>
        <entry key="8" type="xstring" value="Seat comfort"/>
        <entry key="9" type="xstring" value="Inflight entertainment"/>
        <entry key="10" type="xstring" value="On-board service"/>
        <entry key="11" type="xstring" value="Leg room service"/>
        <entry key="12" type="xstring" value="Baggage handling"/>
        <entry key="13" type="xstring" value="Checkin service"/>
        <entry key="14" type="xstring" value="Inflight service"/>
        <entry key="15" type="xstring" value="Cleanliness"/>
        <entry key="16" type="xstring" value="Departure Delay in Minutes"/>
        <entry key="17" type="xstring" value="Arrival Delay in Minutes"/>
        <entry key="18" type="xstring" value="Female"/>
        <entry key="19" type="xstring" value="Male"/>
        <entry key="20" type="xstring" value="Loyal Customer"/>
        <entry key="21" type="xstring" value="disloyal Customer"/>
        <entry key="22" type="xstring" value="Business travel"/>
        <entry key="23" type="xstring" value="Personal Travel"/>
        <entry key="24" type="xstring" value="Eco"/>
        <entry key="25" type="xstring" value="Business"/>
        <entry key="26" type="xstring" value="Eco Plus"/>
    </config>
    <config key="target">
        <entry key="array-size" type="xint" value="1"/>
        <entry key="0" type="xstring" value="class"/>
    </config>
</config>
