<?xml version="1.0" encoding="UTF-8"?>
<config xmlns="http://www.knime.org/2008/09/XMLConfig" xmlns:xsi="http://www.w3.org/2001/XMLSchema-instance" xsi:schemaLocation="http://www.knime.org/2008/09/XMLConfig http://www.knime.org/XMLConfig_2008_09.xsd" key="MiningSchema">
    <config key="learning">
        <entry key="array-size" type="xint" value="24"/>
        <entry key="0" type="xstring" value="CA"/>
        <entry key="1" type="xstring" value="DE"/>
        <entry key="2" type="xstring" value="AU"/>
        <entry key="3" type="xstring" value="US"/>
        <entry key="4" type="xstring" value="UK"/>
        <entry key="5" type="xstring" value="IN"/>
        <entry key="6" type="xstring" value="FR"/>
        <entry key="7" type="xstring" value="PK"/>
        <entry key="8" type="xstring" value="age"/>
        <entry key="9" type="xstring" value="listening_time"/>
        <entry key="10" type="xstring" value="songs_played_per_day"/>
        <entry key="11" type="xstring" value="skip_rate"/>
        <entry key="12" type="xstring" value="ads_listened_per_week"/>
        <entry key="13" type="xstring" value="offline_listening"/>
        <entry key="14" type="xstring" value="Female"/>
        <entry key="15" type="xstring" value="Other"/>
        <entry key="16" type="xstring" value="Male"/>
        <entry key="17" type="xstring" value="Free"/>
        <entry key="18" type="xstring" value="Family"/>
        <entry key="19" type="xstring" value="Premium"/>
        <entry key="20" type="xstring" value="Student"/>
        <entry key="21" type="xstring" value="Desktop"/>
        <entry key="22" type="xstring" value="Web"/>
        <entry key="23" type="xstring" value="Mobile"/>
    </config>
    <config key="target">
        <entry key="array-size" type="xint" value="1"/>
        <entry key="0" type="xstring" value="class"/>
    </config>
</config>
