<?xml version="1.0" encoding="UTF-8"?>
<config xmlns="http://www.knime.org/2008/09/XMLConfig" xmlns:xsi="http://www.w3.org/2001/XMLSchema-instance" xsi:schemaLocation="http://www.knime.org/2008/09/XMLConfig http://www.knime.org/XMLConfig_2008_09.xsd" key="MiningSchema">
    <config key="learning">
        <entry key="array-size" type="xint" value="9"/>
        <entry key="0" type="xstring" value="Humidity"/>
        <entry key="1" type="xstring" value="PM2.5"/>
        <entry key="2" type="xstring" value="PM10"/>
        <entry key="3" type="xstring" value="NO2"/>
        <entry key="4" type="xstring" value="SO2"/>
        <entry key="5" type="xstring" value="CO"/>
        <entry key="6" type="xstring" value="Proximity_to_Industrial_Areas"/>
        <entry key="7" type="xstring" value="Population_Density"/>
        <entry key="8" type="xstring" value="Temperature"/>
    </config>
    <config key="target">
        <entry key="array-size" type="xint" value="1"/>
        <entry key="0" type="xstring" value="class"/>
    </config>
</config>
